N_PARAMS,final_loss,best_val_loss
6,4.361408355180174e-05,5.015370334149338e-05
