N_PARAMS,final_loss,best_val_loss
6,4.361408355180174e-05,5.015370334149338e-05
6,2.6569705369183794e-05,4.3590211134869605e-05
6,2.7982736355625093e-05,4.7156165237538517e-05
