{
  "alpha": 2.0,
  "Re": 350000.0,
  "n_iters": 100,
  "learning_rate": 0.0005,
  "fd_eps": 0.01,
  "bounds_lam": 10.0,
  "lam_bounds": 1.0,
  "lam_geom": 25.0,
  "lam_cl": 50.0,
  "min_thickness": 0.006,
  "max_thickness": 0.157,
  "te_gap_max": 0.01,
  "min_max_thickness": 0.04,
  "max_camber": 0.08,
  "cl_min": 0.15,
  "cl_max": null,
  "valid_evals": 100,
  "skipped": 0,
  "n_improved": 41,
  "best_cd_cl": 0.007514696827717916,
  "best_LD": 133.07256726735687,
  "best_CL": 1.11146395800681,
  "best_CD": 0.008352314686871271,
  "best_latent_params": [
    -0.11648389044480911,
    -0.02047413017964106,
    -0.273059958920971,
    -0.1392791300548879,
    0.005042279386938575,
    0.09890336992712001
  ],
  "latent_lo": [
    -1.9545705318450928,
    -0.9479623436927797,
    -0.4741094708442688,
    -1.979849457740784,
    -0.799985945224762,
    -0.0174300651997327
  ],
  "latent_hi": [
    0.2118012011051178,
    0.2149447053670883,
    1.1519229412078855,
    0.0082684066146612,
    0.4571782350540161,
    0.885028064250946
  ],
  "baseline_foil_filename": "e61.png",
  "final_result_from": "gradienttape_custom_gradient_fd"
}