{
  "alpha": 1.0,
  "Re": 450000.0,
  "n_iters": 1000,
  "learning_rate_init": 0.005,
  "lr_decay": 0.999,
  "p_local": 0.75,
  "lam_bounds": 1.0,
  "lam_geom": 25.0,
  "lam_cl": 50.0,
  "min_thickness": 0.006,
  "max_thickness": 0.157,
  "te_gap_max": 0.01,
  "cl_min": 0.15,
  "cl_max": null,
  "valid_evals": 432,
  "skipped": 568,
  "best_total": 0.009887116150060478,
  "best_objective": 0.009887116150060478,
  "best_penalty": 0.0,
  "best_CL": 0.6880476649048292,
  "best_CD": 0.006802807189579052,
  "best_latent_params": [
    -0.005639124241390703,
    0.017484273980251958,
    -0.09321766739513579,
    -0.1798137502669758,
    -0.08463483125870225,
    0.04034689655810186
  ],
  "latent_lo": [
    -1.9545705318450928,
    -0.9479623436927797,
    -0.4741094708442688,
    -1.979849457740784,
    -0.799985945224762,
    -0.0174300651997327
  ],
  "latent_hi": [
    0.2118012011051178,
    0.2149447053670883,
    1.1519229412078855,
    0.0082684066146612,
    0.4571782350540161,
    0.885028064250946
  ],
  "baseline_foil_filename": "hq358.png",
  "tf_ran": true,
  "tf_n_epochs": 400,
  "tf_learning_rate": 0.0005,
  "tf_CL": 0.521870101943807,
  "tf_CD": 0.017250223187307123,
  "tf_LD": 30.25294781854208,
  "final_result_from": "nom_search"
}