{
  "baseline_foil_filename": "goe451.png",
  "baseline_CL": 0.8187570647118846,
  "baseline_CD": 0.011107304856083652,
  "baseline_LD": 73.71338729965964,
  "best_CL": 0.9740731613265338,
  "best_CD": 0.01181206039568773,
  "best_LD": 82.46428892982482,
  "alpha": 2.0,
  "Re": 150000.0,
  "n_iters": 500,
  "learning_rate": 0.0005,
  "fd_eps": 0.01,
  "valid_evals": 500,
  "skipped": 0,
  "n_improved": 62,
  "min_thickness": 0.006,
  "max_thickness": 0.157,
  "min_max_thickness": 0.04,
  "max_camber": 0.06,
  "conditions": [
    {
      "alpha": 2.0,
      "Re": 150000.0
    }
  ],
  "baseline_coords": [
    [
      1.0,
      0.001215555239468813
    ],
    [
      0.9743589758872986,
      0.00857757031917572
    ],
    [
      0.9487179517745972,
      0.01446617767214775
    ],
    [
      0.9230769276618958,
      0.019307726994156837
    ],
    [
      0.8974359035491943,
      0.024045145139098167
    ],
    [
      0.8717948794364929,
      0.027838146314024925
    ],
    [
      0.8461538553237915,
      0.032220739871263504
    ],
    [
      0.8205128312110901,
      0.03616556525230408
    ],
    [
      0.7948718070983887,
      0.03986750915646553
    ],
    [
      0.7692307829856873,
      0.043175287544727325
    ],
    [
      0.7435897588729858,
      0.046326808631420135
    ],
    [
      0.7179487347602844,
      0.04973892495036125
    ],
    [
      0.692307710647583,
      0.052577435970306396
    ],
    [
      0.6666666865348816,
      0.055473729968070984
    ],
    [
      0.6410256624221802,
      0.058256328105926514
    ],
    [
      0.6153846383094788,
      0.060823388397693634
    ],
    [
      0.5897436141967773,
      0.06357543915510178
    ],
    [
      0.5641025900840759,
      0.06530007719993591
    ],
    [
      0.5384615659713745,
      0.06704719364643097
    ],
    [
      0.5128205418586731,
      0.0689757764339447
    ],
    [
      0.4871794879436493,
      0.07033166289329529
    ],
    [
      0.4615384638309479,
      0.07135207951068878
    ],
    [
      0.43589743971824646,
      0.07230028510093689
    ],
    [
      0.41025641560554504,
      0.07339665293693542
    ],
    [
      0.38461539149284363,
      0.07330694794654846
    ],
    [
      0.3589743673801422,
      0.07289500534534454
    ],
    [
      0.3333333432674408,
      0.07241614162921906
    ],
    [
      0.3076923191547394,
      0.07181067019701004
    ],
    [
      0.28205129504203796,
      0.07018428295850754
    ],
    [
      0.25641027092933655,
      0.06848135590553284
    ],
    [
      0.23076923191547394,
      0.06638848781585693
    ],
    [
      0.20512820780277252,
      0.06442508101463318
    ],
    [
      0.1794871836900711,
      0.06109185516834259
    ],
    [
      0.1538461595773697,
      0.05752130597829819
    ],
    [
      0.12820513546466827,
      0.05280447006225586
    ],
    [
      0.10256410390138626,
      0.04771753400564194
    ],
    [
      0.07692307978868484,
      0.04106474295258522
    ],
    [
      0.05128205195069313,
      0.03283020481467247
    ],
    [
      0.025641025975346565,
      0.02126643806695938
    ],
    [
      0.0,
      0.0008252332918345928
    ],
    [
      0.0,
      -0.0002249988028779626
    ],
    [
      0.025641025975346565,
      -0.005616041831672192
    ],
    [
      0.05128205195069313,
      -0.002907681278884411
    ],
    [
      0.07692307978868484,
      0.0001617753878235817
    ],
    [
      0.10256410390138626,
      0.004052311182022095
    ],
    [
      0.12820513546466827,
      0.007111929357051849
    ],
    [
      0.1538461595773697,
      0.010335003957152367
    ],
    [
      0.1794871836900711,
      0.013525797054171562
    ],
    [
      0.20512820780277252,
      0.016612883657217026
    ],
    [
      0.23076923191547394,
      0.019337691366672516
    ],
    [
      0.25641027092933655,
      0.02211698703467846
    ],
    [
      0.28205129504203796,
      0.024475371465086937
    ],
    [
      0.3076923191547394,
      0.026799948886036873
    ],
    [
      0.3333333432674408,
      0.028780225664377213
    ],
    [
      0.3589743673801422,
      0.03034079074859619
    ],
    [
      0.38461539149284363,
      0.03193338215351105
    ],
    [
      0.41025641560554504,
      0.033038053661584854
    ],
    [
      0.43589743971824646,
      0.03387099504470825
    ],
    [
      0.4615384638309479,
      0.03461158648133278
    ],
    [
      0.4871794879436493,
      0.03496069461107254
    ],
    [
      0.5128205418586731,
      0.034996405243873596
    ],
    [
      0.5384615659713745,
      0.03481291979551315
    ],
    [
      0.5641025900840759,
      0.034496672451496124
    ],
    [
      0.5897436141967773,
      0.03399256616830826
    ],
    [
      0.6153846383094788,
      0.03308878839015961
    ],
    [
      0.6410256624221802,
      0.03175651654601097
    ],
    [
      0.6666666865348816,
      0.030405882745981216
    ],
    [
      0.692307710647583,
      0.02920215204358101
    ],
    [
      0.7179487347602844,
      0.02756374515593052
    ],
    [
      0.7435897588729858,
      0.025739507749676704
    ],
    [
      0.7692307829856873,
      0.02370806783437729
    ],
    [
      0.7948718070983887,
      0.021714292466640472
    ],
    [
      0.8205128312110901,
      0.01912728324532509
    ],
    [
      0.8461538553237915,
      0.01658419519662857
    ],
    [
      0.8717948794364929,
      0.014025600627064705
    ],
    [
      0.8974359035491943,
      0.011447967030107975
    ],
    [
      0.9230769276618958,
      0.008857759647071362
    ],
    [
      0.9487179517745972,
      0.006300593726336956
    ],
    [
      0.9743589758872986,
      0.0032176487147808075
    ],
    [
      1.0,
      0.0003834102535620332
    ]
  ]
}