{
  "alpha": 6.0,
  "Re": 500000.0,
  "n_iters": 2000,
  "learning_rate_init": 0.001,
  "lr_decay": 0.999,
  "p_local": 0.75,
  "lam_bounds": 1.0,
  "lam_geom": 5.0,
  "lam_cl": 10.0,
  "min_thickness": 0.005,
  "cl_min": 0.1,
  "cl_max": 0.8,
  "valid_evals": 1989,
  "skipped": 11,
  "best_total": 0.01952965745439513,
  "best_objective": 0.01952965745439513,
  "best_penalty": 0.0,
  "best_CL": 0.7756662971505196,
  "best_CD": 0.015148497101798372,
  "best_min_thickness_est": 0.033307045698165894,
  "best_latent_params": [
    -0.21887439899124667,
    -0.6172331522225057,
    0.4347092790701867,
    0.44924560008944775,
    0.32956287125216877,
    0.5199033206052118
  ],
  "latent_lo": [
    -0.4223034083843231,
    -1.023550510406494,
    -0.0857640281319618,
    -1.1409995555877686,
    -0.0555147677659988,
    -0.5405129790306091
  ],
  "latent_hi": [
    0.0535199008882045,
    0.0533291772007942,
    3.31908655166626,
    0.6643187999725342,
    0.5975891947746277,
    1.93460750579834
  ]
}