{
  "alpha": 2.0,
  "Re": 350000.0,
  "n_iters": 500,
  "learning_rate": 0.0005,
  "fd_eps": 0.01,
  "bounds_lam": 10.0,
  "lam_bounds": 1.0,
  "lam_geom": 25.0,
  "lam_cl": 50.0,
  "min_thickness": 0.006,
  "max_thickness": 0.157,
  "te_gap_max": 0.01,
  "min_max_thickness": 0.04,
  "max_camber": 0.1,
  "cl_min": 0.15,
  "cl_max": null,
  "valid_evals": 500,
  "skipped": 0,
  "n_improved": 16,
  "best_cd_cl": 0.0069468911136651885,
  "best_LD": 143.94928360624158,
  "best_CL": 1.11441684316271,
  "best_CD": 0.007741732471632734,
  "best_latent_params": [
    0.14482292532920837,
    0.09729548543691635,
    0.1210242286324501,
    0.00999391358345747,
    0.21258831024169922,
    -0.12160858511924744
  ],
  "z_init": [
    0.13679268956184387,
    0.10170437395572662,
    0.12355523556470871,
    0.014533559791743755,
    0.21392671763896942,
    -0.13211259245872498
  ],
  "latent_lo": [
    -0.5543485283851624,
    0.0160056576132774,
    -0.0474001094698905,
    -0.7891242504119873,
    -1.8649576902389529,
    -1.7833343744277954
  ],
  "latent_hi": [
    1.0013396739959717,
    0.3787106573581695,
    2.5725321769714355,
    0.2890579402446747,
    0.3251882791519165,
    -0.0087459068745374
  ],
  "baseline_foil_filename": "e61.png",
  "final_result_from": "gradienttape_custom_gradient_fd_direct_z"
}