{
  "alpha": 6.0,
  "Re": 500000.0,
  "n_iters": 2000,
  "k": 2.0,
  "learning_rate_init": 0.25,
  "lr_decay": 0.999,
  "p_local": 0.75,
  "lam_bounds": 1.0,
  "lam_geom": 5.0,
  "lam_cl": 10.0,
  "min_thickness": 0.005,
  "cl_min": 0.2,
  "cl_max": 1.2,
  "valid_evals": 1790,
  "skipped": 210,
  "best_total": 0.12503729340500616,
  "best_objective": 0.12503729340500616,
  "best_penalty": 0.0,
  "best_CL": 0.5209749874164099,
  "best_CD": 0.06514130235825503,
  "best_min_thickness_est": 0.009202907793223858,
  "best_latent_params": [
    -0.12746818298984464,
    -0.044741090998995627,
    0.3478629944324713,
    -0.06291151822043121,
    0.12261879877284376,
    0.16629239355743497
  ]
}