{
  "alpha": 1.0,
  "Re": 450000.0,
  "n_iters": 450,
  "learning_rate_init": 0.005,
  "lr_decay": 0.999,
  "p_local": 0.75,
  "lam_bounds": 1.0,
  "lam_geom": 25.0,
  "lam_cl": 50.0,
  "min_thickness": 0.006,
  "max_thickness": 0.157,
  "te_gap_max": 0.01,
  "cl_min": 0.15,
  "cl_max": null,
  "valid_evals": 170,
  "skipped": 280,
  "best_total": 0.009291610390783283,
  "best_objective": 0.009291610390783283,
  "best_penalty": 0.0,
  "best_CL": 0.6686047609547372,
  "best_CD": 0.006212414953505819,
  "best_latent_params": [
    0.0005839579151695588,
    0.006906871219302825,
    -0.1123713712403671,
    -0.0852388940205016,
    -0.024052851766074204,
    0.0365412657276453
  ],
  "latent_lo": [
    -1.9545705318450928,
    -0.9479623436927797,
    -0.4741094708442688,
    -1.979849457740784,
    -0.799985945224762,
    -0.0174300651997327
  ],
  "latent_hi": [
    0.2118012011051178,
    0.2149447053670883,
    1.1519229412078855,
    0.0082684066146612,
    0.4571782350540161,
    0.885028064250946
  ],
  "baseline_foil_filename": "hq358.png"
}