{
  "alpha": 1.0,
  "Re": 440000.0,
  "n_iters": 3000,
  "learning_rate_init": 0.005,
  "lr_decay": 0.999,
  "p_local": 0.75,
  "lam_bounds": 1.0,
  "lam_geom": 25.0,
  "lam_cl": 50.0,
  "min_thickness": 0.006,
  "max_thickness": 0.157,
  "te_gap_max": 0.01,
  "cl_min": 0.15,
  "cl_max": 1.067,
  "valid_evals": 2636,
  "skipped": 364,
  "best_total": 0.0067487404469723095,
  "best_objective": 0.0067487404469723095,
  "best_penalty": 0.0,
  "best_CL": 1.066683839541406,
  "best_CD": 0.007198772378793549,
  "best_latent_params": [
    -0.09216774875961768,
    -0.01767049670778254,
    -0.2484522869790178,
    -0.17429063873954195,
    -0.03318980747732162,
    0.08774956499251661
  ],
  "latent_lo": [
    -1.9545705318450928,
    -0.9479623436927797,
    -0.4741094708442688,
    -1.979849457740784,
    -0.799985945224762,
    -0.0174300651997327
  ],
  "latent_hi": [
    0.2118012011051178,
    0.2149447053670883,
    1.1519229412078855,
    0.0082684066146612,
    0.4571782350540161,
    0.885028064250946
  ]
}