{
  "alpha": 6.0,
  "Re": 500000.0,
  "n_iters": 3000,
  "learning_rate_init": 0.001,
  "lr_decay": 0.999,
  "p_local": 0.75,
  "lam_bounds": 1.0,
  "lam_geom": 25.0,
  "lam_cl": 10.0,
  "min_thickness": 0.006,
  "max_thickness": 0.157,
  "camber_max_abs": 0.076,
  "te_gap_max": 0.01,
  "le_gap_max": 0.01,
  "cl_min": 0.3,
  "cl_max": 0.85,
  "n_seed_tries": 200,
  "valid_evals": 879,
  "skipped": 2121,
  "best_total": 0.010699864565855633,
  "best_objective": 0.010699864565855633,
  "best_penalty": 0.0,
  "best_CL": 0.7754285819149784,
  "best_CD": 0.008296980817683625,
  "best_latent_params": [
    0.01428401386329382,
    0.005943460713393712,
    0.023326977575670056,
    -0.01969187153298778,
    0.05942069403269013,
    0.06114301229839825
  ],
  "latent_lo": [
    -0.2764548063278198,
    -1.596305251121521,
    -1.3019918203353882,
    -0.1820359826087951,
    -0.7026495337486267,
    -1.6392141580581665
  ],
  "latent_hi": [
    1.2041854858398438,
    0.0827421396970748,
    0.075805515050888,
    0.3541113138198852,
    0.3417947888374328,
    0.291974663734436
  ]
}