{
  "alpha": 6.0,
  "Re": 500000.0,
  "n_iters": 2000,
  "learning_rate_init": 0.001,
  "lr_decay": 0.999,
  "p_local": 0.75,
  "lam_bounds": 1.0,
  "lam_geom": 5.0,
  "lam_cl": 10.0,
  "min_thickness": 0.005,
  "cl_min": 0.1,
  "cl_max": 0.8,
  "valid_evals": 1985,
  "skipped": 15,
  "best_total": 0.018172873559216776,
  "best_objective": 0.018172873559216776,
  "best_penalty": 0.0,
  "best_CL": 0.7827134574475062,
  "best_CD": 0.014224152713463804,
  "best_min_thickness_est": 0.031206902116537094,
  "best_latent_params": [
    -0.3860348229834207,
    -0.8040019378818754,
    0.4599103288694266,
    0.12223287187736415,
    0.3588063562297828,
    0.34858342491847377
  ],
  "latent_lo": [
    -0.4223034083843231,
    -1.023550510406494,
    -0.0857640281319618,
    -1.1409995555877686,
    -0.0555147677659988,
    -0.5405129790306091
  ],
  "latent_hi": [
    0.0535199008882045,
    0.0533291772007942,
    3.31908655166626,
    0.6643187999725342,
    0.5975891947746277,
    1.93460750579834
  ]
}