{
  "baseline_foil_filename": "ah79100b.png",
  "baseline_CL": 1.0717303881642384,
  "baseline_CD": 0.010236156676602349,
  "baseline_LD": 104.700467375024,
  "best_CL": 1.010482288908086,
  "best_CD": 0.008907838601384306,
  "best_LD": 113.43742675704226,
  "alpha": 2.0,
  "Re": 250000.0,
  "n_iters": 250,
  "learning_rate": 0.0005,
  "fd_eps": 0.01,
  "valid_evals": 250,
  "skipped": 0,
  "n_improved": 39,
  "min_thickness": 0.006,
  "max_thickness": 0.157,
  "min_max_thickness": 0.04,
  "max_camber": 0.1,
  "conditions": [
    {
      "alpha": 2.0,
      "Re": 250000.0
    }
  ],
  "baseline_coords": [
    [
      1.0,
      0.0007506934925913811
    ],
    [
      0.9743589758872986,
      0.011474896222352982
    ],
    [
      0.9487179517745972,
      0.02045489102602005
    ],
    [
      0.9230769276618958,
      0.02829643338918686
    ],
    [
      0.8974359035491943,
      0.035999394953250885
    ],
    [
      0.8717948794364929,
      0.04304655268788338
    ],
    [
      0.8461538553237915,
      0.0495714396238327
    ],
    [
      0.8205128312110901,
      0.05617053434252739
    ],
    [
      0.7948718070983887,
      0.062468819320201874
    ],
    [
      0.7692307829856873,
      0.0683504119515419
    ],
    [
      0.7435897588729858,
      0.07399953901767731
    ],
    [
      0.7179487347602844,
      0.07911062985658646
    ],
    [
      0.692307710647583,
      0.08405698835849762
    ],
    [
      0.6666666865348816,
      0.0878816619515419
    ],
    [
      0.6410256624221802,
      0.09147161990404129
    ],
    [
      0.6153846383094788,
      0.09486658871173859
    ],
    [
      0.5897436141967773,
      0.09749425202608109
    ],
    [
      0.5641025900840759,
      0.09980937838554382
    ],
    [
      0.5384615659713745,
      0.10162624716758728
    ],
    [
      0.5128205418586731,
      0.10352413356304169
    ],
    [
      0.4871794879436493,
      0.10485950112342834
    ],
    [
      0.4615384638309479,
      0.1058310717344284
    ],
    [
      0.43589743971824646,
      0.10678038001060486
    ],
    [
      0.41025641560554504,
      0.107389435172081
    ],
    [
      0.38461539149284363,
      0.10738667845726013
    ],
    [
      0.3589743673801422,
      0.10705551505088806
    ],
    [
      0.3333333432674408,
      0.10606510937213898
    ],
    [
      0.3076923191547394,
      0.10455797612667084
    ],
    [
      0.28205129504203796,
      0.10240423679351807
    ],
    [
      0.25641027092933655,
      0.0995263159275055
    ],
    [
      0.23076923191547394,
      0.09606568515300751
    ],
    [
      0.20512820780277252,
      0.09169197827577591
    ],
    [
      0.1794871836900711,
      0.08678216487169266
    ],
    [
      0.1538461595773697,
      0.08105840533971786
    ],
    [
      0.12820513546466827,
      0.07421565055847168
    ],
    [
      0.10256410390138626,
      0.06590496003627777
    ],
    [
      0.07692307978868484,
      0.05584016442298889
    ],
    [
      0.05128205195069313,
      0.04334675520658493
    ],
    [
      0.025641025975346565,
      0.02832236886024475
    ],
    [
      0.0,
      -0.002215685322880745
    ],
    [
      0.0,
      -0.002081231214106083
    ],
    [
      0.025641025975346565,
      -0.011055449023842812
    ],
    [
      0.05128205195069313,
      -0.0120805399492383
    ],
    [
      0.07692307978868484,
      -0.012001431547105312
    ],
    [
      0.10256410390138626,
      -0.010746034793555737
    ],
    [
      0.12820513546466827,
      -0.009958370588719845
    ],
    [
      0.1538461595773697,
      -0.008432700298726559
    ],
    [
      0.1794871836900711,
      -0.0066551873460412025
    ],
    [
      0.20512820780277252,
      -0.004670647904276848
    ],
    [
      0.23076923191547394,
      -0.002324468456208706
    ],
    [
      0.25641027092933655,
      -4.001706838607788e-05
    ],
    [
      0.28205129504203796,
      0.002725483849644661
    ],
    [
      0.3076923191547394,
      0.005308015272021294
    ],
    [
      0.3333333432674408,
      0.007516825571656227
    ],
    [
      0.3589743673801422,
      0.010240769013762474
    ],
    [
      0.38461539149284363,
      0.012546125799417496
    ],
    [
      0.41025641560554504,
      0.01517952885478735
    ],
    [
      0.43589743971824646,
      0.016962874680757523
    ],
    [
      0.4615384638309479,
      0.018954366445541382
    ],
    [
      0.4871794879436493,
      0.0210370272397995
    ],
    [
      0.5128205418586731,
      0.022692933678627014
    ],
    [
      0.5384615659713745,
      0.023891083896160126
    ],
    [
      0.5641025900840759,
      0.025073105469346046
    ],
    [
      0.5897436141967773,
      0.02586003951728344
    ],
    [
      0.6153846383094788,
      0.026978570967912674
    ],
    [
      0.6410256624221802,
      0.02762657031416893
    ],
    [
      0.6666666865348816,
      0.028158865869045258
    ],
    [
      0.692307710647583,
      0.028709493577480316
    ],
    [
      0.7179487347602844,
      0.028630884364247322
    ],
    [
      0.7435897588729858,
      0.028436986729502678
    ],
    [
      0.7692307829856873,
      0.028299842029809952
    ],
    [
      0.7948718070983887,
      0.027932684868574142
    ],
    [
      0.8205128312110901,
      0.02678665518760681
    ],
    [
      0.8461538553237915,
      0.025146162137389183
    ],
    [
      0.8717948794364929,
      0.022996604442596436
    ],
    [
      0.8974359035491943,
      0.020724471658468246
    ],
    [
      0.9230769276618958,
      0.01712065562605858
    ],
    [
      0.9487179517745972,
      0.01276473794132471
    ],
    [
      0.9743589758872986,
      0.007063410244882107
    ],
    [
      1.0,
      -8.385349065065384e-05
    ]
  ]
}