{
  "alpha": 6.0,
  "Re": 500000.0,
  "n_iters": 500,
  "k": 2.0,
  "lam_bounds": 1.0,
  "lam_geom": 5.0,
  "min_thickness": 0.005,
  "valid_evals": 456,
  "skipped": 44,
  "best_total": 0.016891272108497418,
  "best_objective": 0.016891272108497418,
  "best_penalty": 0.0,
  "best_CL": 1.911773669858496,
  "best_CD": 0.032292289267440565,
  "best_fix_mode": "reversed"
}