{
  "alpha": 1.0,
  "Re": 450000.0,
  "n_iters": 3000,
  "learning_rate_init": 0.005,
  "lr_decay": 0.999,
  "p_local": 0.75,
  "lam_bounds": 1.0,
  "lam_geom": 25.0,
  "lam_cl": 50.0,
  "min_thickness": 0.006,
  "max_thickness": 0.157,
  "te_gap_max": 0.01,
  "cl_min": 0.15,
  "cl_max": null,
  "valid_evals": 947,
  "skipped": 2053,
  "best_total": 0.008850372282130944,
  "best_objective": 0.008850372282130944,
  "best_penalty": 0.0,
  "best_CL": 0.6969904195178414,
  "best_CD": 0.006168624698661894,
  "best_latent_params": [
    -0.008429046117682089,
    0.004310193760510913,
    -0.12897989278947816,
    -0.08508000538936743,
    -0.01794402552618716,
    0.03936599048623908
  ],
  "latent_lo": [
    -1.9545705318450928,
    -0.9479623436927797,
    -0.4741094708442688,
    -1.979849457740784,
    -0.799985945224762,
    -0.0174300651997327
  ],
  "latent_hi": [
    0.2118012011051178,
    0.2149447053670883,
    1.1519229412078855,
    0.0082684066146612,
    0.4571782350540161,
    0.885028064250946
  ]
}