{
  "alpha": 4.0,
  "Re": 500000.0,
  "n_iters": 3000,
  "learning_rate_init": 0.005,
  "lr_decay": 0.999,
  "p_local": 0.75,
  "lam_bounds": 1.0,
  "lam_geom": 25.0,
  "lam_cl": 50.0,
  "min_thickness": 0.006,
  "max_thickness": 0.157,
  "te_gap_max": 0.01,
  "cl_min": 0.5,
  "cl_max": 1.6,
  "valid_evals": 1243,
  "skipped": 1757,
  "best_total": 0.0054894644412281585,
  "best_objective": 0.0054894644412281585,
  "best_penalty": 0.0,
  "best_CL": 1.3613713518630215,
  "best_CD": 0.007473199632848229,
  "best_latent_params": [
    -0.10614600045926227,
    -0.029580322650986663,
    -0.2550795813606855,
    -0.1317753474499426,
    -0.0030515784711126104,
    0.10613509501988218
  ],
  "latent_lo": [
    -1.9545705318450928,
    -0.9479623436927797,
    -0.4741094708442688,
    -1.979849457740784,
    -0.799985945224762,
    -0.0174300651997327
  ],
  "latent_hi": [
    0.2118012011051178,
    0.2149447053670883,
    1.1519229412078855,
    0.0082684066146612,
    0.4571782350540161,
    0.885028064250946
  ]
}