{
  "alpha": 2.0,
  "Re": 350000.0,
  "n_iters": 100,
  "learning_rate": 0.0005,
  "fd_eps": 0.01,
  "bounds_lam": 10.0,
  "lam_bounds": 1.0,
  "lam_geom": 25.0,
  "lam_cl": 50.0,
  "min_thickness": 0.006,
  "max_thickness": 0.157,
  "te_gap_max": 0.01,
  "min_max_thickness": 0.04,
  "max_camber": 0.08,
  "cl_min": 0.15,
  "cl_max": null,
  "valid_evals": 0,
  "skipped": 100,
  "n_improved": 0,
  "best_cd_cl": 2259.5043554606173,
  "best_LD": 0.000442574937671644,
  "best_CL": 1.4021134862200442,
  "best_CD": 3168.0815312237646,
  "best_latent_params": [
    -0.09867540746927261,
    -0.02314768172800541,
    -0.25701668858528137,
    -0.13754171133041382,
    -0.002586635760962963,
    0.09787704050540924
  ],
  "latent_lo": [
    -0.5543485283851624,
    0.0160056576132774,
    -0.0474001094698905,
    -0.7891242504119873,
    -1.8649576902389529,
    -1.7833343744277954
  ],
  "latent_hi": [
    1.0013396739959717,
    0.3787106573581695,
    2.5725321769714355,
    0.2890579402446747,
    0.3251882791519165,
    -0.0087459068745374
  ],
  "baseline_foil_filename": "e61.png",
  "final_result_from": "gradienttape_custom_gradient_fd"
}