{
  "baseline_foil_filename": "prev_run:best_latent_nom.csv",
  "baseline_CL": 1.1276756062797915,
  "baseline_CD": 0.014165862609758089,
  "baseline_LD": 79.60514917764326,
  "best_CL": 1.0563852347780944,
  "best_CD": 0.012812356210421203,
  "best_LD": 82.4505046088916,
  "alpha": 2.0,
  "Re": 150000.0,
  "n_iters": 500,
  "learning_rate": 0.0005,
  "fd_eps": 0.01,
  "valid_evals": 500,
  "skipped": 0,
  "n_improved": 16,
  "min_thickness_le": 0.038858866691589354,
  "min_thickness_mid": 0.01647636853158474,
  "min_thickness_te": 0.00518888346850872,
  "max_thickness": 0.157,
  "min_max_thickness": 0.06036842055618762,
  "max_camber": 0.08148782439529895,
  "min_te_angle_deg": 24.2765459086706,
  "conditions": [
    {
      "alpha": 2.0,
      "Re": 150000.0
    }
  ],
  "baseline_coords": [
    [
      1.0,
      0.0016230507753789425
    ],
    [
      0.9743589758872986,
      0.011609084904193878
    ],
    [
      0.9487179517745972,
      0.019586389884352684
    ],
    [
      0.9230769276618958,
      0.026122896000742912
    ],
    [
      0.8974359035491943,
      0.0314333438873291
    ],
    [
      0.8717948794364929,
      0.038149911910295486
    ],
    [
      0.8461538553237915,
      0.04462848976254463
    ],
    [
      0.8205128312110901,
      0.0506303533911705
    ],
    [
      0.7948718070983887,
      0.05620862543582916
    ],
    [
      0.7692307829856873,
      0.06256261467933655
    ],
    [
      0.7435897588729858,
      0.06679254025220871
    ],
    [
      0.7179487347602844,
      0.07130042463541031
    ],
    [
      0.692307710647583,
      0.07621408998966217
    ],
    [
      0.6666666865348816,
      0.07935455441474915
    ],
    [
      0.6410256624221802,
      0.08387131243944168
    ],
    [
      0.6153846383094788,
      0.08670758455991745
    ],
    [
      0.5897436141967773,
      0.08918029814958572
    ],
    [
      0.5641025900840759,
      0.09244540333747864
    ],
    [
      0.5384615659713745,
      0.09534655511379242
    ],
    [
      0.5128205418586731,
      0.09752547740936279
    ],
    [
      0.4871794879436493,
      0.09956254065036774
    ],
    [
      0.4615384638309479,
      0.10045552253723145
    ],
    [
      0.43589743971824646,
      0.10167686641216278
    ],
    [
      0.41025641560554504,
      0.10334791243076324
    ],
    [
      0.38461539149284363,
      0.10413320362567902
    ],
    [
      0.3589743673801422,
      0.10421089828014374
    ],
    [
      0.3333333432674408,
      0.10307994484901428
    ],
    [
      0.3076923191547394,
      0.10183417797088623
    ],
    [
      0.28205129504203796,
      0.10017366707324982
    ],
    [
      0.25641027092933655,
      0.09765392541885376
    ],
    [
      0.23076923191547394,
      0.09445035457611084
    ],
    [
      0.20512820780277252,
      0.09121058881282806
    ],
    [
      0.1794871836900711,
      0.08694364130496979
    ],
    [
      0.1538461595773697,
      0.08144450932741165
    ],
    [
      0.12820513546466827,
      0.07431542873382568
    ],
    [
      0.10256410390138626,
      0.06718394160270691
    ],
    [
      0.07692307978868484,
      0.05678679049015045
    ],
    [
      0.05128205195069313,
      0.04595372825860977
    ],
    [
      0.025641025975346565,
      0.031399406492710114
    ],
    [
      0.0,
      -0.00021292397286742926
    ],
    [
      0.0,
      0.001115357386879623
    ],
    [
      0.025641025975346565,
      -0.009242536500096321
    ],
    [
      0.05128205195069313,
      -0.009558938443660736
    ],
    [
      0.07692307978868484,
      -0.0092389564961195
    ],
    [
      0.10256410390138626,
      -0.005374603904783726
    ],
    [
      0.12820513546466827,
      -0.003375845029950142
    ],
    [
      0.1538461595773697,
      -0.0001431778073310852
    ],
    [
      0.1794871836900711,
      0.0019872598350048065
    ],
    [
      0.20512820780277252,
      0.005508484318852425
    ],
    [
      0.23076923191547394,
      0.008209753781557083
    ],
    [
      0.25641027092933655,
      0.011794351041316986
    ],
    [
      0.28205129504203796,
      0.014572054147720337
    ],
    [
      0.3076923191547394,
      0.018725356087088585
    ],
    [
      0.3333333432674408,
      0.02247525379061699
    ],
    [
      0.3589743673801422,
      0.026076458394527435
    ],
    [
      0.38461539149284363,
      0.030500447377562523
    ],
    [
      0.41025641560554504,
      0.03344715014100075
    ],
    [
      0.43589743971824646,
      0.03604700043797493
    ],
    [
      0.4615384638309479,
      0.039201267063617706
    ],
    [
      0.4871794879436493,
      0.041740015149116516
    ],
    [
      0.5128205418586731,
      0.04419247806072235
    ],
    [
      0.5384615659713745,
      0.04471918195486069
    ],
    [
      0.5641025900840759,
      0.046578601002693176
    ],
    [
      0.5897436141967773,
      0.04780843108892441
    ],
    [
      0.6153846383094788,
      0.04840189591050148
    ],
    [
      0.6410256624221802,
      0.04787714406847954
    ],
    [
      0.6666666865348816,
      0.047660261392593384
    ],
    [
      0.692307710647583,
      0.04693441838026047
    ],
    [
      0.7179487347602844,
      0.04530320316553116
    ],
    [
      0.7435897588729858,
      0.04325487092137337
    ],
    [
      0.7692307829856873,
      0.041416995227336884
    ],
    [
      0.7948718070983887,
      0.03952064737677574
    ],
    [
      0.8205128312110901,
      0.03568481281399727
    ],
    [
      0.8461538553237915,
      0.03215174749493599
    ],
    [
      0.8717948794364929,
      0.028465818613767624
    ],
    [
      0.8974359035491943,
      0.023785626515746117
    ],
    [
      0.9230769276618958,
      0.01871020533144474
    ],
    [
      0.9487179517745972,
      0.011961258947849274
    ],
    [
      0.9743589758872986,
      0.005349468905478716
    ],
    [
      1.0,
      -0.002141236560419202
    ]
  ]
}