{
  "alpha": 6.0,
  "Re": 500000.0,
  "n_iters": 3000,
  "learning_rate_init": 0.005,
  "lr_decay": 0.999,
  "p_local": 0.75,
  "lam_bounds": 1.0,
  "lam_geom": 25.0,
  "lam_cl": 50.0,
  "min_thickness": 0.04,
  "max_thickness": 0.14,
  "camber_max_abs": 0.05,
  "te_gap_max": 0.01,
  "le_gap_max": 0.01,
  "cl_min": 0.3,
  "cl_max": 0.85,
  "n_seed_tries": 200,
  "valid_evals": 1169,
  "skipped": 1831,
  "best_total": 0.015381851388274758,
  "best_objective": 0.015381851388274758,
  "best_penalty": 0.0,
  "best_CL": 0.8499857257015431,
  "best_CD": 0.01307435413027786,
  "best_latent_params": [
    -0.041157799432753106,
    0.0533291772007942,
    0.08933969733972552,
    -0.09760716664286466,
    0.03788273057522165,
    0.0053946635730121135
  ],
  "latent_lo": [
    -0.4223034083843231,
    -1.023550510406494,
    -0.0857640281319618,
    -1.1409995555877686,
    -0.0555147677659988,
    -0.5405129790306091
  ],
  "latent_hi": [
    0.0535199008882045,
    0.0533291772007942,
    3.31908655166626,
    0.6643187999725342,
    0.5975891947746277,
    1.93460750579834
  ]
}