{
  "baseline_foil_filename": "goe803h.png",
  "baseline_CL": 0.9223361249177141,
  "baseline_CD": 0.016724918982332443,
  "baseline_LD": 55.147419601376505,
  "best_CL": 1.1212688198854643,
  "best_CD": 0.015175497542470905,
  "best_LD": 73.88679130601322,
  "alpha": 2.0,
  "Re": 100000.0,
  "n_iters": 250,
  "learning_rate": 0.0005,
  "fd_eps": 0.01,
  "valid_evals": 250,
  "skipped": 0,
  "n_improved": 109,
  "min_thickness": 0.006,
  "max_thickness": 0.157,
  "min_max_thickness": 0.04,
  "max_camber": 0.1,
  "conditions": [
    {
      "alpha": 2.0,
      "Re": 100000.0
    }
  ],
  "baseline_coords": [
    [
      1.0,
      0.004117182455956936
    ],
    [
      0.9743589758872986,
      0.01054970920085907
    ],
    [
      0.9487179517745972,
      0.017048776149749756
    ],
    [
      0.9230769276618958,
      0.022636333480477333
    ],
    [
      0.8974359035491943,
      0.02829570509493351
    ],
    [
      0.8717948794364929,
      0.032999925315380096
    ],
    [
      0.8461538553237915,
      0.03826179727911949
    ],
    [
      0.8205128312110901,
      0.043346527963876724
    ],
    [
      0.7948718070983887,
      0.04805648326873779
    ],
    [
      0.7692307829856873,
      0.05212969332933426
    ],
    [
      0.7435897588729858,
      0.05644664168357849
    ],
    [
      0.7179487347602844,
      0.061034440994262695
    ],
    [
      0.692307710647583,
      0.06449760496616364
    ],
    [
      0.6666666865348816,
      0.06831778585910797
    ],
    [
      0.6410256624221802,
      0.07194424420595169
    ],
    [
      0.6153846383094788,
      0.07524122297763824
    ],
    [
      0.5897436141967773,
      0.07899268716573715
    ],
    [
      0.5641025900840759,
      0.08101591467857361
    ],
    [
      0.5384615659713745,
      0.08339531719684601
    ],
    [
      0.5128205418586731,
      0.0858234390616417
    ],
    [
      0.4871794879436493,
      0.08782991766929626
    ],
    [
      0.4615384638309479,
      0.08902492374181747
    ],
    [
      0.43589743971824646,
      0.09016813337802887
    ],
    [
      0.41025641560554504,
      0.09174183011054993
    ],
    [
      0.38461539149284363,
      0.09172229468822479
    ],
    [
      0.3589743673801422,
      0.09149900078773499
    ],
    [
      0.3333333432674408,
      0.0912318080663681
    ],
    [
      0.3076923191547394,
      0.09131540358066559
    ],
    [
      0.28205129504203796,
      0.08968861401081085
    ],
    [
      0.25641027092933655,
      0.0882219672203064
    ],
    [
      0.23076923191547394,
      0.08629544079303741
    ],
    [
      0.20512820780277252,
      0.08486208319664001
    ],
    [
      0.1794871836900711,
      0.08152734488248825
    ],
    [
      0.1538461595773697,
      0.07766152173280716
    ],
    [
      0.12820513546466827,
      0.07173042744398117
    ],
    [
      0.10256410390138626,
      0.06577132642269135
    ],
    [
      0.07692307978868484,
      0.0576234832406044
    ],
    [
      0.05128205195069313,
      0.0469486340880394
    ],
    [
      0.025641025975346565,
      0.03244713693857193
    ],
    [
      0.0,
      0.001738629536703229
    ],
    [
      0.0,
      0.0024088339414447546
    ],
    [
      0.025641025975346565,
      -0.00718757975846529
    ],
    [
      0.05128205195069313,
      -0.004137034527957439
    ],
    [
      0.07692307978868484,
      -0.0004308503121137619
    ],
    [
      0.10256410390138626,
      0.004651296883821487
    ],
    [
      0.12820513546466827,
      0.008985614404082298
    ],
    [
      0.1538461595773697,
      0.013136252760887146
    ],
    [
      0.1794871836900711,
      0.016750739887356758
    ],
    [
      0.20512820780277252,
      0.02027241513133049
    ],
    [
      0.23076923191547394,
      0.022929765284061432
    ],
    [
      0.25641027092933655,
      0.026160338893532753
    ],
    [
      0.28205129504203796,
      0.0289864931255579
    ],
    [
      0.3076923191547394,
      0.031636498868465424
    ],
    [
      0.3333333432674408,
      0.0340639166533947
    ],
    [
      0.3589743673801422,
      0.03640394285321236
    ],
    [
      0.38461539149284363,
      0.0383598655462265
    ],
    [
      0.41025641560554504,
      0.0406566746532917
    ],
    [
      0.43589743971824646,
      0.0418555922806263
    ],
    [
      0.4615384638309479,
      0.04355701059103012
    ],
    [
      0.4871794879436493,
      0.04480718821287155
    ],
    [
      0.5128205418586731,
      0.04559748247265816
    ],
    [
      0.5384615659713745,
      0.04610929638147354
    ],
    [
      0.5641025900840759,
      0.04643462598323822
    ],
    [
      0.5897436141967773,
      0.0462828204035759
    ],
    [
      0.6153846383094788,
      0.045484475791454315
    ],
    [
      0.6410256624221802,
      0.04380074143409729
    ],
    [
      0.6666666865348816,
      0.042090531438589096
    ],
    [
      0.692307710647583,
      0.04053310677409172
    ],
    [
      0.7179487347602844,
      0.038073860108852386
    ],
    [
      0.7435897588729858,
      0.03556098788976669
    ],
    [
      0.7692307829856873,
      0.03257108852267265
    ],
    [
      0.7948718070983887,
      0.029294390231370926
    ],
    [
      0.8205128312110901,
      0.025819959118962288
    ],
    [
      0.8461538553237915,
      0.022017428651452065
    ],
    [
      0.8717948794364929,
      0.018513642251491547
    ],
    [
      0.8974359035491943,
      0.015089096501469612
    ],
    [
      0.9230769276618958,
      0.01109884213656187
    ],
    [
      0.9487179517745972,
      0.007270890288054943
    ],
    [
      0.9743589758872986,
      0.003531211521476507
    ],
    [
      1.0,
      -0.00025328609626740217
    ]
  ]
}