{
  "alpha": 2.0,
  "Re": 150000.0,
  "n_iters": 250,
  "learning_rate": 0.0005,
  "fd_eps": 0.01,
  "bounds_lam": 10.0,
  "lam_bounds": 1.0,
  "lam_geom": 25.0,
  "lam_cl": 50.0,
  "min_thickness": 0.006,
  "max_thickness": 0.157,
  "te_gap_max": 0.005,
  "min_max_thickness": 0.04,
  "max_camber": 0.1,
  "cl_min": 0.15,
  "cl_max": null,
  "valid_evals": 250,
  "skipped": 0,
  "n_improved": 116,
  "best_cd_cl": 0.011314505967497402,
  "best_LD": 88.38211778158635,
  "best_CL": 1.063622832953839,
  "best_CD": 0.012034366901937212,
  "best_latent_params": [
    -0.07480917870998383,
    -0.04799613356590271,
    -0.09509970247745514,
    0.03846529871225357,
    0.10616650432348251,
    -0.004136430565267801
  ],
  "z_init": [
    -0.04520457983016968,
    -0.049713362008333206,
    -0.12514841556549072,
    -0.0060328468680381775,
    0.07037416100502014,
    -0.015833687037229538
  ],
  "latent_lo": [
    -0.7885830998420715,
    -2.549896001815796,
    -0.358102023601532,
    -1.3228846788406372,
    -0.1343370378017425,
    -1.5574781894683838
  ],
  "latent_hi": [
    0.1224088445305824,
    0.0494850054383277,
    1.189106583595276,
    0.159087985754013,
    1.3509094715118408,
    0.0929811596870422
  ],
  "baseline_foil_filename": "goe395.png",
  "final_result_from": "gradienttape_custom_gradient_fd_direct_z"
}