{
  "alpha": 1.0,
  "Re": 450000.0,
  "n_iters": 3000,
  "learning_rate_init": 0.005,
  "lr_decay": 0.999,
  "p_local": 0.75,
  "lam_bounds": 1.0,
  "lam_geom": 25.0,
  "lam_cl": 50.0,
  "min_thickness": 0.006,
  "max_thickness": 0.157,
  "te_gap_max": 0.01,
  "cl_min": 0.15,
  "cl_max": null,
  "valid_evals": 1246,
  "skipped": 1754,
  "best_total": 0.008905671472960314,
  "best_objective": 0.008905671472960314,
  "best_penalty": 0.0,
  "best_CL": 0.696047644795723,
  "best_CD": 0.006198771662984155,
  "best_latent_params": [
    -0.007434072838396361,
    0.00503873244246247,
    -0.12792525155491566,
    -0.08779716874252183,
    -0.020118132361589283,
    0.03918847175174466
  ],
  "latent_lo": [
    -1.9545705318450928,
    -0.9479623436927797,
    -0.4741094708442688,
    -1.979849457740784,
    -0.799985945224762,
    -0.0174300651997327
  ],
  "latent_hi": [
    0.2118012011051178,
    0.2149447053670883,
    1.1519229412078855,
    0.0082684066146612,
    0.4571782350540161,
    0.885028064250946
  ]
}