{
  "baseline_foil_filename": "n0012.png",
  "baseline_CL": 0.32604093957619873,
  "baseline_CD": 0.012973687232674027,
  "baseline_LD": 25.13093877853551,
  "best_CL": 0.7518886922130047,
  "best_CD": 0.010976357535984358,
  "best_LD": 68.50074715114275,
  "alpha": 2.0,
  "Re": 150000.0,
  "n_iters": 500,
  "learning_rate": 0.0005,
  "fd_eps": 0.01,
  "valid_evals": 500,
  "skipped": 0,
  "n_improved": 279,
  "min_thickness": 0.006,
  "max_thickness": 0.157,
  "min_max_thickness": 0.04,
  "max_camber": 0.06,
  "conditions": [
    {
      "alpha": 2.0,
      "Re": 150000.0
    }
  ],
  "baseline_coords": [
    [
      1.0,
      0.0009485241025686264
    ],
    [
      0.9743589758872986,
      0.003288883250206709
    ],
    [
      0.9487179517745972,
      0.006350659765303135
    ],
    [
      0.9230769276618958,
      0.009329646825790405
    ],
    [
      0.8974359035491943,
      0.01250122394412756
    ],
    [
      0.8717948794364929,
      0.01561762299388647
    ],
    [
      0.8461538553237915,
      0.018460772931575775
    ],
    [
      0.8205128312110901,
      0.021619204431772232
    ],
    [
      0.7948718070983887,
      0.02475786954164505
    ],
    [
      0.7692307829856873,
      0.027600763365626335
    ],
    [
      0.7435897588729858,
      0.030769214034080505
    ],
    [
      0.7179487347602844,
      0.033667370676994324
    ],
    [
      0.692307710647583,
      0.036543481051921844
    ],
    [
      0.6666666865348816,
      0.039213914424180984
    ],
    [
      0.6410256624221802,
      0.041524842381477356
    ],
    [
      0.6153846383094788,
      0.04418402910232544
    ],
    [
      0.5897436141967773,
      0.04638285934925079
    ],
    [
      0.5641025900840759,
      0.048290420323610306
    ],
    [
      0.5384615659713745,
      0.0501682348549366
    ],
    [
      0.5128205418586731,
      0.0521170049905777
    ],
    [
      0.4871794879436493,
      0.0537760853767395
    ],
    [
      0.4615384638309479,
      0.05525662750005722
    ],
    [
      0.43589743971824646,
      0.05655570328235626
    ],
    [
      0.41025641560554504,
      0.057467274367809296
    ],
    [
      0.38461539149284363,
      0.05818608030676842
    ],
    [
      0.3589743673801422,
      0.058741163462400436
    ],
    [
      0.3333333432674408,
      0.059209831058979034
    ],
    [
      0.3076923191547394,
      0.05940435826778412
    ],
    [
      0.28205129504203796,
      0.05908377468585968
    ],
    [
      0.25641027092933655,
      0.05857444182038307
    ],
    [
      0.23076923191547394,
      0.05810541659593582
    ],
    [
      0.20512820780277252,
      0.057085733860731125
    ],
    [
      0.1794871836900711,
      0.055555377155542374
    ],
    [
      0.1538461595773697,
      0.05363982915878296
    ],
    [
      0.12820513546466827,
      0.05076828971505165
    ],
    [
      0.10256410390138626,
      0.04706982523202896
    ],
    [
      0.07692307978868484,
      0.04228650778532028
    ],
    [
      0.05128205195069313,
      0.035497017204761505
    ],
    [
      0.025641025975346565,
      0.025862140581011772
    ],
    [
      0.0,
      4.471978172659874e-05
    ],
    [
      0.0,
      -5.337921902537346e-05
    ],
    [
      0.025641025975346565,
      -0.02301761507987976
    ],
    [
      0.05128205195069313,
      -0.03221958130598068
    ],
    [
      0.07692307978868484,
      -0.03841710090637207
    ],
    [
      0.10256410390138626,
      -0.04337134212255478
    ],
    [
      0.12820513546466827,
      -0.047127388417720795
    ],
    [
      0.1538461595773697,
      -0.05047775059938431
    ],
    [
      0.1794871836900711,
      -0.053067646920681
    ],
    [
      0.20512820780277252,
      -0.05554579570889473
    ],
    [
      0.23076923191547394,
      -0.05718209594488144
    ],
    [
      0.25641027092933655,
      -0.05860412120819092
    ],
    [
      0.28205129504203796,
      -0.0592605322599411
    ],
    [
      0.3076923191547394,
      -0.059870511293411255
    ],
    [
      0.3333333432674408,
      -0.060241978615522385
    ],
    [
      0.3589743673801422,
      -0.05992251634597778
    ],
    [
      0.38461539149284363,
      -0.05995012819766998
    ],
    [
      0.41025641560554504,
      -0.05886591598391533
    ],
    [
      0.43589743971824646,
      -0.05809136480093002
    ],
    [
      0.4615384638309479,
      -0.056852638721466064
    ],
    [
      0.4871794879436493,
      -0.05539967492222786
    ],
    [
      0.5128205418586731,
      -0.05363757908344269
    ],
    [
      0.5384615659713745,
      -0.05169329047203064
    ],
    [
      0.5641025900840759,
      -0.0497746616601944
    ],
    [
      0.5897436141967773,
      -0.04783294349908829
    ],
    [
      0.6153846383094788,
      -0.045371752232313156
    ],
    [
      0.6410256624221802,
      -0.04277610033750534
    ],
    [
      0.6666666865348816,
      -0.04016420617699623
    ],
    [
      0.692307710647583,
      -0.037508223205804825
    ],
    [
      0.7179487347602844,
      -0.034798089414834976
    ],
    [
      0.7435897588729858,
      -0.0318172313272953
    ],
    [
      0.7692307829856873,
      -0.02865457907319069
    ],
    [
      0.7948718070983887,
      -0.025634387508034706
    ],
    [
      0.8205128312110901,
      -0.022435208782553673
    ],
    [
      0.8461538553237915,
      -0.019312279298901558
    ],
    [
      0.8717948794364929,
      -0.016319768503308296
    ],
    [
      0.8974359035491943,
      -0.013087037019431591
    ],
    [
      0.9230769276618958,
      -0.009958258830010891
    ],
    [
      0.9487179517745972,
      -0.006676281802356243
    ],
    [
      0.9743589758872986,
      -0.0031543010845780373
    ],
    [
      1.0,
      7.263501174747944e-05
    ]
  ]
}