{
  "alpha": 2.0,
  "Re": 350000.0,
  "n_iters": 100,
  "learning_rate": 0.0005,
  "fd_eps": 0.01,
  "bounds_lam": 10.0,
  "lam_bounds": 1.0,
  "lam_geom": 25.0,
  "lam_cl": 50.0,
  "min_thickness": 0.006,
  "max_thickness": 0.157,
  "te_gap_max": 0.01,
  "min_max_thickness": 0.04,
  "max_camber": 0.08,
  "cl_min": 0.15,
  "cl_max": null,
  "valid_evals": 100,
  "skipped": 0,
  "n_improved": 3,
  "best_cd_cl": 0.00706979030675878,
  "best_LD": 141.44691082583645,
  "best_CL": 1.0839780776074706,
  "best_CD": 0.007663497712878103,
  "best_latent_params": [
    0.15445375759322388,
    0.09027749454154499,
    0.12302317492344006,
    0.010511377141993461,
    0.20889510952394907,
    -0.11547440084383709
  ],
  "latent_lo": [
    -0.5543485283851624,
    0.0160056576132774,
    -0.0474001094698905,
    -0.7891242504119873,
    -1.8649576902389529,
    -1.7833343744277954
  ],
  "latent_hi": [
    1.0013396739959717,
    0.3787106573581695,
    2.5725321769714355,
    0.2890579402446747,
    0.3251882791519165,
    -0.0087459068745374
  ],
  "baseline_foil_filename": "e61.png",
  "final_result_from": "gradienttape_custom_gradient_fd"
}