{
  "alpha": 2.0,
  "Re": 150000.0,
  "n_iters": 250,
  "learning_rate": 0.0005,
  "fd_eps": 0.01,
  "bounds_lam": 10.0,
  "lam_bounds": 1.0,
  "lam_geom": 25.0,
  "lam_cl": 50.0,
  "min_thickness": 0.006,
  "max_thickness": 0.157,
  "te_gap_max": 0.005,
  "min_max_thickness": 0.04,
  "max_camber": 0.1,
  "cl_min": 0.15,
  "cl_max": null,
  "valid_evals": 250,
  "skipped": 0,
  "n_improved": 59,
  "best_cd_cl": 0.011021047858780296,
  "best_LD": 90.73547377586395,
  "best_CL": 0.9736161150049341,
  "best_CD": 0.010730269810570167,
  "best_latent_params": [
    0.15038497745990753,
    0.15054336190223694,
    -0.09913187474012375,
    -0.03144700825214386,
    -0.17000478506088257,
    -0.055347274988889694
  ],
  "z_init": [
    0.15239913761615753,
    0.15945172309875488,
    -0.059060391038656235,
    -0.05023946240544319,
    -0.12957508862018585,
    -0.06937722116708755
  ],
  "latent_lo": [
    -0.9383850693702698,
    -0.0413030460476875,
    -2.4311177730560303,
    -0.1235796362161636,
    -1.1946206092834473,
    -1.7696728706359863
  ],
  "latent_hi": [
    0.3562411069869995,
    3.3264589309692383,
    0.266305148601532,
    0.3550628423690796,
    0.8719661235809326,
    0.0429490134119987
  ],
  "baseline_foil_filename": "goe803h.png",
  "final_result_from": "gradienttape_custom_gradient_fd_direct_z"
}